[{"domain": "domain1.com","price": 999,"title":"Welcome!","domain-image":"forsale4.jpg",
"message1":"This domain is for sale", "message2":"footer message","pos-link":"https://contato.link"},
{"domain": "e.ventures","price": 2500,"title":"Welcome!","domain-image":"forsale8.jpg",
"message1":"<a href='https://contato.link' style='color:white'>This domain is for sale.</a>", "message2":"All Rights Reserved","pos-link":"<a href='https://contato.link' style='color:white;background-color:green;'>Contact</a>"}]
